Province,Date,Value
Newfoundland and Labrador,2017-01-01,48734.27
Newfoundland and Labrador,2017-02-01,48734.27
Newfoundland and Labrador,2017-03-01,59980.64
Newfoundland and Labrador,2017-04-01,63729.43
Newfoundland and Labrador,2017-05-01,67478.22
Newfoundland and Labrador,2017-06-01,71227.01
Newfoundland and Labrador,2017-07-01,74975.8
Newfoundland and Labrador,2017-08-01,74975.8
Newfoundland and Labrador,2017-09-01,71227.01
Newfoundland and Labrador,2017-10-01,63729.43
Newfoundland and Labrador,2017-11-01,56231.85
Newfoundland and Labrador,2017-12-01,48734.27
Prince Edward Island,2017-01-01,14075.88
Prince Edward Island,2017-02-01,14075.88
Prince Edward Island,2017-03-01,17324.16
Prince Edward Island,2017-04-01,18406.92
Prince Edward Island,2017-05-01,19489.68
Prince Edward Island,2017-06-01,20572.44
Prince Edward Island,2017-07-01,21655.2
Prince Edward Island,2017-08-01,21655.2
Prince Edward Island,2017-09-01,20572.44
Prince Edward Island,2017-10-01,18406.92
Prince Edward Island,2017-11-01,16241.4
Prince Edward Island,2017-12-01,14075.88
Nova Scotia,2017-01-01,81380
Nova Scotia,2017-02-01,81380
Nova Scotia,2017-03-01,100160
Nova Scotia,2017-04-01,106420
Nova Scotia,2017-05-01,112680
Nova Scotia,2017-06-01,118940
Nova Scotia,2017-07-01,125200
Nova Scotia,2017-08-01,125200
Nova Scotia,2017-09-01,118940
Nova Scotia,2017-10-01,106420
Nova Scotia,2017-11-01,93900
Nova Scotia,2017-12-01,81380
New Brunswick,2017-01-01,73369.66
New Brunswick,2017-02-01,73369.66
New Brunswick,2017-03-01,90301.12
New Brunswick,2017-04-01,95944.94
New Brunswick,2017-05-01,101588.76
New Brunswick,2017-06-01,107232.58
New Brunswick,2017-07-01,112876.4
New Brunswick,2017-08-01,112876.4
New Brunswick,2017-09-01,107232.58
New Brunswick,2017-10-01,95944.94
New Brunswick,2017-11-01,84657.3
New Brunswick,2017-12-01,73369.66
Quebec,2017-01-01,573333.085
Quebec,2017-02-01,573333.085
Quebec,2017-03-01,705640.72
Quebec,2017-04-01,749743.265
Quebec,2017-05-01,793845.81
Quebec,2017-06-01,837948.355
Quebec,2017-07-01,882050.9
Quebec,2017-08-01,882050.9
Quebec,2017-09-01,837948.355
Quebec,2017-10-01,749743.265
Quebec,2017-11-01,661538.175
Quebec,2017-12-01,573333.085
Ontario,2017-01-01,1085867.25
Ontario,2017-02-01,1085867.25
Ontario,2017-03-01,1336452
Ontario,2017-04-01,1419980.25
Ontario,2017-05-01,1503508.5
Ontario,2017-06-01,1587036.75
Ontario,2017-07-01,1670565
Ontario,2017-08-01,1670565
Ontario,2017-09-01,1587036.75
Ontario,2017-10-01,1419980.25
Ontario,2017-11-01,1252923.75
Ontario,2017-12-01,1085867.25
Manitoba,2017-01-01,104938.925
Manitoba,2017-02-01,104938.925
Manitoba,2017-03-01,129155.6
Manitoba,2017-04-01,137227.825
Manitoba,2017-05-01,145300.05
Manitoba,2017-06-01,153372.275
Manitoba,2017-07-01,161444.5
Manitoba,2017-08-01,161444.5
Manitoba,2017-09-01,153372.275
Manitoba,2017-10-01,137227.825
Manitoba,2017-11-01,121083.375
Manitoba,2017-12-01,104938.925
Saskatchewan,2017-01-01,112459.685
Saskatchewan,2017-02-01,112459.685
Saskatchewan,2017-03-01,138411.92
Saskatchewan,2017-04-01,147062.665
Saskatchewan,2017-05-01,155713.41
Saskatchewan,2017-06-01,164364.155
Saskatchewan,2017-07-01,173014.9
Saskatchewan,2017-08-01,173014.9
Saskatchewan,2017-09-01,164364.155
Saskatchewan,2017-10-01,147062.665
Saskatchewan,2017-11-01,129761.175
Saskatchewan,2017-12-01,112459.685
Alberta,2017-01-01,413972
Alberta,2017-02-01,413972
Alberta,2017-03-01,509504
Alberta,2017-04-01,541348
Alberta,2017-05-01,573192
Alberta,2017-06-01,605036
Alberta,2017-07-01,636880
Alberta,2017-08-01,636880
Alberta,2017-09-01,605036
Alberta,2017-10-01,541348
Alberta,2017-11-01,477660
Alberta,2017-12-01,413972
British Columbia,2017-01-01,320829.21
British Columbia,2017-02-01,320829.21
British Columbia,2017-03-01,394866.72
British Columbia,2017-04-01,419545.89
British Columbia,2017-05-01,444225.06
British Columbia,2017-06-01,468904.23
British Columbia,2017-07-01,493583.4
British Columbia,2017-08-01,493583.4
British Columbia,2017-09-01,468904.23
British Columbia,2017-10-01,419545.89
British Columbia,2017-11-01,370187.55
British Columbia,2017-12-01,320829.21
Yukon,2017-01-01,4685.005
Yukon,2017-02-01,4685.005
Yukon,2017-03-01,5766.16
Yukon,2017-04-01,6126.545
Yukon,2017-05-01,6486.93
Yukon,2017-06-01,6847.315
Yukon,2017-07-01,7207.7
Yukon,2017-08-01,7207.7
Yukon,2017-09-01,6847.315
Yukon,2017-10-01,6126.545
Yukon,2017-11-01,5405.775
Yukon,2017-12-01,4685.005
Northwest Territories,2017-01-01,2766.92
Northwest Territories,2017-02-01,2766.92
Northwest Territories,2017-03-01,3405.44
Northwest Territories,2017-04-01,3618.28
Northwest Territories,2017-05-01,3831.12
Northwest Territories,2017-06-01,4043.96
Northwest Territories,2017-07-01,4256.8
Northwest Territories,2017-08-01,4256.8
Northwest Territories,2017-09-01,4043.96
Northwest Territories,2017-10-01,3618.28
Northwest Territories,2017-11-01,3192.6
Northwest Territories,2017-12-01,2766.92
Nunavut,2017-01-01,1007.955
Nunavut,2017-02-01,1007.955
Nunavut,2017-03-01,1240.56
Nunavut,2017-04-01,1318.095
Nunavut,2017-05-01,1395.63
Nunavut,2017-06-01,1473.165
Nunavut,2017-07-01,1550.7
Nunavut,2017-08-01,1550.7
Nunavut,2017-09-01,1473.165
Nunavut,2017-10-01,1318.095
Nunavut,2017-11-01,1163.025
Nunavut,2017-12-01,1007.955
Newfoundland and Labrador,2018-01-01,38001.21
Newfoundland and Labrador,2018-02-01,38001.21
Newfoundland and Labrador,2018-03-01,46770.72
Newfoundland and Labrador,2018-04-01,49693.89
Newfoundland and Labrador,2018-05-01,52617.06
Newfoundland and Labrador,2018-06-01,55540.23
Newfoundland and Labrador,2018-07-01,58463.4
Newfoundland and Labrador,2018-08-01,58463.4
Newfoundland and Labrador,2018-09-01,55540.23
Newfoundland and Labrador,2018-10-01,49693.89
Newfoundland and Labrador,2018-11-01,43847.55
Newfoundland and Labrador,2018-12-01,38001.21
Prince Edward Island,2018-01-01,14336.985
Prince Edward Island,2018-02-01,14336.985
Prince Edward Island,2018-03-01,17645.52
Prince Edward Island,2018-04-01,18748.365
Prince Edward Island,2018-05-01,19851.21
Prince Edward Island,2018-06-01,20954.055
Prince Edward Island,2018-07-01,22056.9
Prince Edward Island,2018-08-01,22056.9
Prince Edward Island,2018-09-01,20954.055
Prince Edward Island,2018-10-01,18748.365
Prince Edward Island,2018-11-01,16542.675
Prince Edward Island,2018-12-01,14336.985
Nova Scotia,2018-01-01,83310.63
Nova Scotia,2018-02-01,83310.63
Nova Scotia,2018-03-01,102536.16
Nova Scotia,2018-04-01,108944.67
Nova Scotia,2018-05-01,115353.18
Nova Scotia,2018-06-01,121761.69
Nova Scotia,2018-07-01,128170.2
Nova Scotia,2018-08-01,128170.2
Nova Scotia,2018-09-01,121761.69
Nova Scotia,2018-10-01,108944.67
Nova Scotia,2018-11-01,96127.65
Nova Scotia,2018-12-01,83310.63
New Brunswick,2018-01-01,72375.55
New Brunswick,2018-02-01,72375.55
New Brunswick,2018-03-01,89077.6
New Brunswick,2018-04-01,94644.95
New Brunswick,2018-05-01,100212.3
New Brunswick,2018-06-01,105779.65
New Brunswick,2018-07-01,111347
New Brunswick,2018-08-01,111347
New Brunswick,2018-09-01,105779.65
New Brunswick,2018-10-01,94644.95
New Brunswick,2018-11-01,83510.25
New Brunswick,2018-12-01,72375.55
Quebec,2018-01-01,567279.895
Quebec,2018-02-01,567279.895
Quebec,2018-03-01,698190.64
Quebec,2018-04-01,741827.555
Quebec,2018-05-01,785464.47
Quebec,2018-06-01,829101.385
Quebec,2018-07-01,872738.3
Quebec,2018-08-01,872738.3
Quebec,2018-09-01,829101.385
Quebec,2018-10-01,741827.555
Quebec,2018-11-01,654553.725
Quebec,2018-12-01,567279.895
Ontario,2018-01-01,1097766.02
Ontario,2018-02-01,1097766.02
Ontario,2018-03-01,1351096.64
Ontario,2018-04-01,1435540.18
Ontario,2018-05-01,1519983.72
Ontario,2018-06-01,1604427.26
Ontario,2018-07-01,1688870.8
Ontario,2018-08-01,1688870.8
Ontario,2018-09-01,1604427.26
Ontario,2018-10-01,1435540.18
Ontario,2018-11-01,1266653.1
Ontario,2018-12-01,1097766.02
Manitoba,2018-01-01,105728.415
Manitoba,2018-02-01,105728.415
Manitoba,2018-03-01,130127.28
Manitoba,2018-04-01,138260.235
Manitoba,2018-05-01,146393.19
Manitoba,2018-06-01,154526.145
Manitoba,2018-07-01,162659.1
Manitoba,2018-08-01,162659.1
Manitoba,2018-09-01,154526.145
Manitoba,2018-10-01,138260.235
Manitoba,2018-11-01,121994.325
Manitoba,2018-12-01,105728.415
Saskatchewan,2018-01-01,119043.99
Saskatchewan,2018-02-01,119043.99
Saskatchewan,2018-03-01,146515.68
Saskatchewan,2018-04-01,155672.91
Saskatchewan,2018-05-01,164830.14
Saskatchewan,2018-06-01,173987.37
Saskatchewan,2018-07-01,183144.6
Saskatchewan,2018-08-01,183144.6
Saskatchewan,2018-09-01,173987.37
Saskatchewan,2018-10-01,155672.91
Saskatchewan,2018-11-01,137358.45
Saskatchewan,2018-12-01,119043.99
Alberta,2018-01-01,411911.5
Alberta,2018-02-01,411911.5
Alberta,2018-03-01,506968
Alberta,2018-04-01,538653.5
Alberta,2018-05-01,570339
Alberta,2018-06-01,602024.5
Alberta,2018-07-01,633710
Alberta,2018-08-01,633710
Alberta,2018-09-01,602024.5
Alberta,2018-10-01,538653.5
Alberta,2018-11-01,475282.5
Alberta,2018-12-01,411911.5
British Columbia,2018-01-01,311295.725
British Columbia,2018-02-01,311295.725
British Columbia,2018-03-01,383133.2
British Columbia,2018-04-01,407079.025
British Columbia,2018-05-01,431024.85
British Columbia,2018-06-01,454970.675
British Columbia,2018-07-01,478916.5
British Columbia,2018-08-01,478916.5
British Columbia,2018-09-01,454970.675
British Columbia,2018-10-01,407079.025
British Columbia,2018-11-01,359187.375
British Columbia,2018-12-01,311295.725
Yukon,2018-01-01,4790.435
Yukon,2018-02-01,4790.435
Yukon,2018-03-01,5895.92
Yukon,2018-04-01,6264.415
Yukon,2018-05-01,6632.91
Yukon,2018-06-01,7001.405
Yukon,2018-07-01,7369.9
Yukon,2018-08-01,7369.9
Yukon,2018-09-01,7001.405
Yukon,2018-10-01,6264.415
Yukon,2018-11-01,5527.425
Yukon,2018-12-01,4790.435
Northwest Territories,2018-01-01,2720.445
Northwest Territories,2018-02-01,2720.445
Northwest Territories,2018-03-01,3348.24
Northwest Territories,2018-04-01,3557.505
Northwest Territories,2018-05-01,3766.77
Northwest Territories,2018-06-01,3976.035
Northwest Territories,2018-07-01,4185.3
Northwest Territories,2018-08-01,4185.3
Northwest Territories,2018-09-01,3976.035
Northwest Territories,2018-10-01,3557.505
Northwest Territories,2018-11-01,3138.975
Northwest Territories,2018-12-01,2720.445
Nunavut,2018-01-01,1022.58
Nunavut,2018-02-01,1022.58
Nunavut,2018-03-01,1258.56
Nunavut,2018-04-01,1337.22
Nunavut,2018-05-01,1415.88
Nunavut,2018-06-01,1494.54
Nunavut,2018-07-01,1573.2
Nunavut,2018-08-01,1573.2
Nunavut,2018-09-01,1494.54
Nunavut,2018-10-01,1337.22
Nunavut,2018-11-01,1179.9
Nunavut,2018-12-01,1022.58
Newfoundland and Labrador,2019-01-01,45615.57
Newfoundland and Labrador,2019-02-01,45615.57
Newfoundland and Labrador,2019-03-01,56142.24
Newfoundland and Labrador,2019-04-01,59651.13
Newfoundland and Labrador,2019-05-01,63160.02
Newfoundland and Labrador,2019-06-01,66668.91
Newfoundland and Labrador,2019-07-01,70177.8
Newfoundland and Labrador,2019-08-01,70177.8
Newfoundland and Labrador,2019-09-01,66668.91
Newfoundland and Labrador,2019-10-01,59651.13
Newfoundland and Labrador,2019-11-01,52633.35
Newfoundland and Labrador,2019-12-01,45615.57
Prince Edward Island,2019-01-01,14697.8
Prince Edward Island,2019-02-01,14697.8
Prince Edward Island,2019-03-01,18089.6
Prince Edward Island,2019-04-01,19220.2
Prince Edward Island,2019-05-01,20350.8
Prince Edward Island,2019-06-01,21481.4
Prince Edward Island,2019-07-01,22612
Prince Edward Island,2019-08-01,22612
Prince Edward Island,2019-09-01,21481.4
Prince Edward Island,2019-10-01,19220.2
Prince Edward Island,2019-11-01,16959
Prince Edward Island,2019-12-01,14697.8
Nova Scotia,2019-01-01,82729.27
Nova Scotia,2019-02-01,82729.27
Nova Scotia,2019-03-01,101820.64
Nova Scotia,2019-04-01,108184.43
Nova Scotia,2019-05-01,114548.22
Nova Scotia,2019-06-01,120912.01
Nova Scotia,2019-07-01,127275.8
Nova Scotia,2019-08-01,127275.8
Nova Scotia,2019-09-01,120912.01
Nova Scotia,2019-10-01,108184.43
Nova Scotia,2019-11-01,95456.85
Nova Scotia,2019-12-01,82729.27
New Brunswick,2019-01-01,72318.87
New Brunswick,2019-02-01,72318.87
New Brunswick,2019-03-01,89007.84
New Brunswick,2019-04-01,94570.83
New Brunswick,2019-05-01,100133.82
New Brunswick,2019-06-01,105696.81
New Brunswick,2019-07-01,111259.8
New Brunswick,2019-08-01,111259.8
New Brunswick,2019-09-01,105696.81
New Brunswick,2019-10-01,94570.83
New Brunswick,2019-11-01,83444.85
New Brunswick,2019-12-01,72318.87
Quebec,2019-01-01,560414.4
Quebec,2019-02-01,560414.4
Quebec,2019-03-01,689740.8
Quebec,2019-04-01,732849.6
Quebec,2019-05-01,775958.4
Quebec,2019-06-01,819067.2
Quebec,2019-07-01,862176
Quebec,2019-08-01,862176
Quebec,2019-09-01,819067.2
Quebec,2019-10-01,732849.6
Quebec,2019-11-01,646632
Quebec,2019-12-01,560414.4
Ontario,2019-01-01,1094790.515
Ontario,2019-02-01,1094790.515
Ontario,2019-03-01,1347434.48
Ontario,2019-04-01,1431649.135
Ontario,2019-05-01,1515863.79
Ontario,2019-06-01,1600078.445
Ontario,2019-07-01,1684293.1
Ontario,2019-08-01,1684293.1
Ontario,2019-09-01,1600078.445
Ontario,2019-10-01,1431649.135
Ontario,2019-11-01,1263219.825
Ontario,2019-12-01,1094790.515
Manitoba,2019-01-01,105781.78
Manitoba,2019-02-01,105781.78
Manitoba,2019-03-01,130192.96
Manitoba,2019-04-01,138330.02
Manitoba,2019-05-01,146467.08
Manitoba,2019-06-01,154604.14
Manitoba,2019-07-01,162741.2
Manitoba,2019-08-01,162741.2
Manitoba,2019-09-01,154604.14
Manitoba,2019-10-01,138330.02
Manitoba,2019-11-01,122055.9
Manitoba,2019-12-01,105781.78
Saskatchewan,2019-01-01,114382.905
Saskatchewan,2019-02-01,114382.905
Saskatchewan,2019-03-01,140778.96
Saskatchewan,2019-04-01,149577.645
Saskatchewan,2019-05-01,158376.33
Saskatchewan,2019-06-01,167175.015
Saskatchewan,2019-07-01,175973.7
Saskatchewan,2019-08-01,175973.7
Saskatchewan,2019-09-01,167175.015
Saskatchewan,2019-10-01,149577.645
Saskatchewan,2019-11-01,131980.275
Saskatchewan,2019-12-01,114382.905
Alberta,2019-01-01,404033.5
Alberta,2019-02-01,404033.5
Alberta,2019-03-01,497272
Alberta,2019-04-01,528351.5
Alberta,2019-05-01,559431
Alberta,2019-06-01,590510.5
Alberta,2019-07-01,621590
Alberta,2019-08-01,621590
Alberta,2019-09-01,590510.5
Alberta,2019-10-01,528351.5
Alberta,2019-11-01,466192.5
Alberta,2019-12-01,404033.5
British Columbia,2019-01-01,313446.38
British Columbia,2019-02-01,313446.38
British Columbia,2019-03-01,385780.16
British Columbia,2019-04-01,409891.42
British Columbia,2019-05-01,434002.68
British Columbia,2019-06-01,458113.94
British Columbia,2019-07-01,482225.2
British Columbia,2019-08-01,482225.2
British Columbia,2019-09-01,458113.94
British Columbia,2019-10-01,409891.42
British Columbia,2019-11-01,361668.9
British Columbia,2019-12-01,313446.38
Yukon,2019-01-01,4756.31
Yukon,2019-02-01,4756.31
Yukon,2019-03-01,5853.92
Yukon,2019-04-01,6219.79
Yukon,2019-05-01,6585.66
Yukon,2019-06-01,6951.53
Yukon,2019-07-01,7317.4
Yukon,2019-08-01,7317.4
Yukon,2019-09-01,6951.53
Yukon,2019-10-01,6219.79
Yukon,2019-11-01,5488.05
Yukon,2019-12-01,4756.31
Northwest Territories,2019-01-01,2817.165
Northwest Territories,2019-02-01,2817.165
Northwest Territories,2019-03-01,3467.28
Northwest Territories,2019-04-01,3683.985
Northwest Territories,2019-05-01,3900.69
Northwest Territories,2019-06-01,4117.395
Northwest Territories,2019-07-01,4334.1
Northwest Territories,2019-08-01,4334.1
Northwest Territories,2019-09-01,4117.395
Northwest Territories,2019-10-01,3683.985
Northwest Territories,2019-11-01,3250.575
Northwest Territories,2019-12-01,2817.165
Nunavut,2019-01-01,1011.27
Nunavut,2019-02-01,1011.27
Nunavut,2019-03-01,1244.64
Nunavut,2019-04-01,1322.43
Nunavut,2019-05-01,1400.22
Nunavut,2019-06-01,1478.01
Nunavut,2019-07-01,1555.8
Nunavut,2019-08-01,1555.8
Nunavut,2019-09-01,1478.01
Nunavut,2019-10-01,1322.43
Nunavut,2019-11-01,1166.85
Nunavut,2019-12-01,1011.27
Newfoundland and Labrador,2020-01-01,41645.89
Newfoundland and Labrador,2020-02-01,41645.89
Newfoundland and Labrador,2020-03-01,51256.48
Newfoundland and Labrador,2020-04-01,54460.01
Newfoundland and Labrador,2020-05-01,57663.54
Newfoundland and Labrador,2020-06-01,60867.07
Newfoundland and Labrador,2020-07-01,64070.6
Newfoundland and Labrador,2020-08-01,64070.6
Newfoundland and Labrador,2020-09-01,60867.07
Newfoundland and Labrador,2020-10-01,54460.01
Newfoundland and Labrador,2020-11-01,48052.95
Newfoundland and Labrador,2020-12-01,41645.89
Prince Edward Island,2020-01-01,13122.98
Prince Edward Island,2020-02-01,13122.98
Prince Edward Island,2020-03-01,16151.36
Prince Edward Island,2020-04-01,17160.82
Prince Edward Island,2020-05-01,18170.28
Prince Edward Island,2020-06-01,19179.74
Prince Edward Island,2020-07-01,20189.2
Prince Edward Island,2020-08-01,20189.2
Prince Edward Island,2020-09-01,19179.74
Prince Edward Island,2020-10-01,17160.82
Prince Edward Island,2020-11-01,15141.9
Prince Edward Island,2020-12-01,13122.98
Nova Scotia,2020-01-01,72204.665
Nova Scotia,2020-02-01,72204.665
Nova Scotia,2020-03-01,88867.28
Nova Scotia,2020-04-01,94421.485
Nova Scotia,2020-05-01,99975.69
Nova Scotia,2020-06-01,105529.895
Nova Scotia,2020-07-01,111084.1
Nova Scotia,2020-08-01,111084.1
Nova Scotia,2020-09-01,105529.895
Nova Scotia,2020-10-01,94421.485
Nova Scotia,2020-11-01,83313.075
Nova Scotia,2020-12-01,72204.665
New Brunswick,2020-01-01,64093.12
New Brunswick,2020-02-01,64093.12
New Brunswick,2020-03-01,78883.84
New Brunswick,2020-04-01,83814.08
New Brunswick,2020-05-01,88744.32
New Brunswick,2020-06-01,93674.56
New Brunswick,2020-07-01,98604.8
New Brunswick,2020-08-01,98604.8
New Brunswick,2020-09-01,93674.56
New Brunswick,2020-10-01,83814.08
New Brunswick,2020-11-01,73953.6
New Brunswick,2020-12-01,64093.12
Quebec,2020-01-01,470688.465
Quebec,2020-02-01,470688.465
Quebec,2020-03-01,579308.88
Quebec,2020-04-01,615515.685
Quebec,2020-05-01,651722.49
Quebec,2020-06-01,687929.295
Quebec,2020-07-01,724136.1
Quebec,2020-08-01,724136.1
Quebec,2020-09-01,687929.295
Quebec,2020-10-01,615515.685
Quebec,2020-11-01,543102.075
Quebec,2020-12-01,470688.465
Ontario,2020-01-01,903245.655
Ontario,2020-02-01,903245.655
Ontario,2020-03-01,1111686.96
Ontario,2020-04-01,1181167.395
Ontario,2020-05-01,1250647.83
Ontario,2020-06-01,1320128.265
Ontario,2020-07-01,1389608.7
Ontario,2020-08-01,1389608.7
Ontario,2020-09-01,1320128.265
Ontario,2020-10-01,1181167.395
Ontario,2020-11-01,1042206.525
Ontario,2020-12-01,903245.655
Manitoba,2020-01-01,93234.375
Manitoba,2020-02-01,93234.375
Manitoba,2020-03-01,114750
Manitoba,2020-04-01,121921.875
Manitoba,2020-05-01,129093.75
Manitoba,2020-06-01,136265.625
Manitoba,2020-07-01,143437.5
Manitoba,2020-08-01,143437.5
Manitoba,2020-09-01,136265.625
Manitoba,2020-10-01,121921.875
Manitoba,2020-11-01,107578.125
Manitoba,2020-12-01,93234.375
Saskatchewan,2020-01-01,95519.385
Saskatchewan,2020-02-01,95519.385
Saskatchewan,2020-03-01,117562.32
Saskatchewan,2020-04-01,124909.965
Saskatchewan,2020-05-01,132257.61
Saskatchewan,2020-06-01,139605.255
Saskatchewan,2020-07-01,146952.9
Saskatchewan,2020-08-01,146952.9
Saskatchewan,2020-09-01,139605.255
Saskatchewan,2020-10-01,124909.965
Saskatchewan,2020-11-01,110214.675
Saskatchewan,2020-12-01,95519.385
Alberta,2020-01-01,352976
Alberta,2020-02-01,352976
Alberta,2020-03-01,434432
Alberta,2020-04-01,461584
Alberta,2020-05-01,488736
Alberta,2020-06-01,515888
Alberta,2020-07-01,543040
Alberta,2020-08-01,543040
Alberta,2020-09-01,515888
Alberta,2020-10-01,461584
Alberta,2020-11-01,407280
Alberta,2020-12-01,352976
British Columbia,2020-01-01,282423.115
British Columbia,2020-02-01,282423.115
British Columbia,2020-03-01,347597.68
British Columbia,2020-04-01,369322.535
British Columbia,2020-05-01,391047.39
British Columbia,2020-06-01,412772.245
British Columbia,2020-07-01,434497.1
British Columbia,2020-08-01,434497.1
British Columbia,2020-09-01,412772.245
British Columbia,2020-10-01,369322.535
British Columbia,2020-11-01,325872.825
British Columbia,2020-12-01,282423.115
Yukon,2020-01-01,5516.55
Yukon,2020-02-01,5516.55
Yukon,2020-03-01,6789.6
Yukon,2020-04-01,7213.95
Yukon,2020-05-01,7638.3
Yukon,2020-06-01,8062.65
Yukon,2020-07-01,8487
Yukon,2020-08-01,8487
Yukon,2020-09-01,8062.65
Yukon,2020-10-01,7213.95
Yukon,2020-11-01,6365.25
Yukon,2020-12-01,5516.55
Northwest Territories,2020-01-01,2597.79
Northwest Territories,2020-02-01,2597.79
Northwest Territories,2020-03-01,3197.28
Northwest Territories,2020-04-01,3397.11
Northwest Territories,2020-05-01,3596.94
Northwest Territories,2020-06-01,3796.77
Northwest Territories,2020-07-01,3996.6
Northwest Territories,2020-08-01,3996.6
Northwest Territories,2020-09-01,3796.77
Northwest Territories,2020-10-01,3397.11
Northwest Territories,2020-11-01,2997.45
Northwest Territories,2020-12-01,2597.79
Nunavut,2020-01-01,868.725
Nunavut,2020-02-01,868.725
Nunavut,2020-03-01,1069.2
Nunavut,2020-04-01,1136.025
Nunavut,2020-05-01,1202.85
Nunavut,2020-06-01,1269.675
Nunavut,2020-07-01,1336.5
Nunavut,2020-08-01,1336.5
Nunavut,2020-09-01,1269.675
Nunavut,2020-10-01,1136.025
Nunavut,2020-11-01,1002.375
Nunavut,2020-12-01,868.725
Newfoundland and Labrador,2021-01-01,43204.655
Newfoundland and Labrador,2021-02-01,43204.655
Newfoundland and Labrador,2021-03-01,53174.96
Newfoundland and Labrador,2021-04-01,56498.395
Newfoundland and Labrador,2021-05-01,59821.83
Newfoundland and Labrador,2021-06-01,63145.265
Newfoundland and Labrador,2021-07-01,66468.7
Newfoundland and Labrador,2021-08-01,66468.7
Newfoundland and Labrador,2021-09-01,63145.265
Newfoundland and Labrador,2021-10-01,56498.395
Newfoundland and Labrador,2021-11-01,49851.525
Newfoundland and Labrador,2021-12-01,43204.655
Prince Edward Island,2021-01-01,14017.51
Prince Edward Island,2021-02-01,14017.51
Prince Edward Island,2021-03-01,17252.32
Prince Edward Island,2021-04-01,18330.59
Prince Edward Island,2021-05-01,19408.86
Prince Edward Island,2021-06-01,20487.13
Prince Edward Island,2021-07-01,21565.4
Prince Edward Island,2021-08-01,21565.4
Prince Edward Island,2021-09-01,20487.13
Prince Edward Island,2021-10-01,18330.59
Prince Edward Island,2021-11-01,16174.05
Prince Edward Island,2021-12-01,14017.51
Nova Scotia,2021-01-01,78526.5
Nova Scotia,2021-02-01,78526.5
Nova Scotia,2021-03-01,96648
Nova Scotia,2021-04-01,102688.5
Nova Scotia,2021-05-01,108729
Nova Scotia,2021-06-01,114769.5
Nova Scotia,2021-07-01,120810
Nova Scotia,2021-08-01,120810
Nova Scotia,2021-09-01,114769.5
Nova Scotia,2021-10-01,102688.5
Nova Scotia,2021-11-01,90607.5
Nova Scotia,2021-12-01,78526.5
New Brunswick,2021-01-01,67973.035
New Brunswick,2021-02-01,67973.035
New Brunswick,2021-03-01,83659.12
New Brunswick,2021-04-01,88887.815
New Brunswick,2021-05-01,94116.51
New Brunswick,2021-06-01,99345.205
New Brunswick,2021-07-01,104573.9
New Brunswick,2021-08-01,104573.9
New Brunswick,2021-09-01,99345.205
New Brunswick,2021-10-01,88887.815
New Brunswick,2021-11-01,78430.425
New Brunswick,2021-12-01,67973.035
Quebec,2021-01-01,512127.005
Quebec,2021-02-01,512127.005
Quebec,2021-03-01,630310.16
Quebec,2021-04-01,669704.545
Quebec,2021-05-01,709098.93
Quebec,2021-06-01,748493.315
Quebec,2021-07-01,787887.7
Quebec,2021-08-01,787887.7
Quebec,2021-09-01,748493.315
Quebec,2021-10-01,669704.545
Quebec,2021-11-01,590915.775
Quebec,2021-12-01,512127.005
Ontario,2021-01-01,906356.295
Ontario,2021-02-01,906356.295
Ontario,2021-03-01,1115515.44
Ontario,2021-04-01,1185235.155
Ontario,2021-05-01,1254954.87
Ontario,2021-06-01,1324674.585
Ontario,2021-07-01,1394394.3
Ontario,2021-08-01,1394394.3
Ontario,2021-09-01,1324674.585
Ontario,2021-10-01,1185235.155
Ontario,2021-11-01,1045795.725
Ontario,2021-12-01,906356.295
Manitoba,2021-01-01,97224.335
Manitoba,2021-02-01,97224.335
Manitoba,2021-03-01,119660.72
Manitoba,2021-04-01,127139.515
Manitoba,2021-05-01,134618.31
Manitoba,2021-06-01,142097.105
Manitoba,2021-07-01,149575.9
Manitoba,2021-08-01,149575.9
Manitoba,2021-09-01,142097.105
Manitoba,2021-10-01,127139.515
Manitoba,2021-11-01,112181.925
Manitoba,2021-12-01,97224.335
Saskatchewan,2021-01-01,108755.075
Saskatchewan,2021-02-01,108755.075
Saskatchewan,2021-03-01,133852.4
Saskatchewan,2021-04-01,142218.175
Saskatchewan,2021-05-01,150583.95
Saskatchewan,2021-06-01,158949.725
Saskatchewan,2021-07-01,167315.5
Saskatchewan,2021-08-01,167315.5
Saskatchewan,2021-09-01,158949.725
Saskatchewan,2021-10-01,142218.175
Saskatchewan,2021-11-01,125486.625
Saskatchewan,2021-12-01,108755.075
Alberta,2021-01-01,357571.5
Alberta,2021-02-01,357571.5
Alberta,2021-03-01,440088
Alberta,2021-04-01,467593.5
Alberta,2021-05-01,495099
Alberta,2021-06-01,522604.5
Alberta,2021-07-01,550110
Alberta,2021-08-01,550110
Alberta,2021-09-01,522604.5
Alberta,2021-10-01,467593.5
Alberta,2021-11-01,412582.5
Alberta,2021-12-01,357571.5
British Columbia,2021-01-01,305440.2
British Columbia,2021-02-01,305440.2
British Columbia,2021-03-01,375926.4
British Columbia,2021-04-01,399421.8
British Columbia,2021-05-01,422917.2
British Columbia,2021-06-01,446412.6
British Columbia,2021-07-01,469908
British Columbia,2021-08-01,469908
British Columbia,2021-09-01,446412.6
British Columbia,2021-10-01,399421.8
British Columbia,2021-11-01,352431
British Columbia,2021-12-01,305440.2
Yukon,2021-01-01,4330.885
Yukon,2021-02-01,4330.885
Yukon,2021-03-01,5330.32
Yukon,2021-04-01,5663.465
Yukon,2021-05-01,5996.61
Yukon,2021-06-01,6329.755
Yukon,2021-07-01,6662.9
Yukon,2021-08-01,6662.9
Yukon,2021-09-01,6329.755
Yukon,2021-10-01,5663.465
Yukon,2021-11-01,4997.175
Yukon,2021-12-01,4330.885
Northwest Territories,2021-01-01,2719.99
Northwest Territories,2021-02-01,2719.99
Northwest Territories,2021-03-01,3347.68
Northwest Territories,2021-04-01,3556.91
Northwest Territories,2021-05-01,3766.14
Northwest Territories,2021-06-01,3975.37
Northwest Territories,2021-07-01,4184.6
Northwest Territories,2021-08-01,4184.6
Northwest Territories,2021-09-01,3975.37
Northwest Territories,2021-10-01,3556.91
Northwest Territories,2021-11-01,3138.45
Northwest Territories,2021-12-01,2719.99
Nunavut,2021-01-01,1489.93
Nunavut,2021-02-01,1489.93
Nunavut,2021-03-01,1833.76
Nunavut,2021-04-01,1948.37
Nunavut,2021-05-01,2062.98
Nunavut,2021-06-01,2177.59
Nunavut,2021-07-01,2292.2
Nunavut,2021-08-01,2292.2
Nunavut,2021-09-01,2177.59
Nunavut,2021-10-01,1948.37
Nunavut,2021-11-01,1719.15
Nunavut,2021-12-01,1489.93
Newfoundland and Labrador,2022-01-01,38935.91
Newfoundland and Labrador,2022-02-01,38935.91
Newfoundland and Labrador,2022-03-01,47921.12
Newfoundland and Labrador,2022-04-01,50916.19
Newfoundland and Labrador,2022-05-01,53911.26
Newfoundland and Labrador,2022-06-01,56906.33
Newfoundland and Labrador,2022-07-01,59901.4
Newfoundland and Labrador,2022-08-01,59901.4
Newfoundland and Labrador,2022-09-01,56906.33
Newfoundland and Labrador,2022-10-01,50916.19
Newfoundland and Labrador,2022-11-01,44926.05
Newfoundland and Labrador,2022-12-01,38935.91
Prince Edward Island,2022-01-01,13957.58
Prince Edward Island,2022-02-01,13957.58
Prince Edward Island,2022-03-01,17178.56
Prince Edward Island,2022-04-01,18252.22
Prince Edward Island,2022-05-01,19325.88
Prince Edward Island,2022-06-01,20399.54
Prince Edward Island,2022-07-01,21473.2
Prince Edward Island,2022-08-01,21473.2
Prince Edward Island,2022-09-01,20399.54
Prince Edward Island,2022-10-01,18252.22
Prince Edward Island,2022-11-01,16104.9
Prince Edward Island,2022-12-01,13957.58
Nova Scotia,2022-01-01,80355.08
Nova Scotia,2022-02-01,80355.08
Nova Scotia,2022-03-01,98898.56
Nova Scotia,2022-04-01,105079.72
Nova Scotia,2022-05-01,111260.88
Nova Scotia,2022-06-01,117442.04
Nova Scotia,2022-07-01,123623.2
Nova Scotia,2022-08-01,123623.2
Nova Scotia,2022-09-01,117442.04
Nova Scotia,2022-10-01,105079.72
Nova Scotia,2022-11-01,92717.4
Nova Scotia,2022-12-01,80355.08
New Brunswick,2022-01-01,68328.975
New Brunswick,2022-02-01,68328.975
New Brunswick,2022-03-01,84097.2
New Brunswick,2022-04-01,89353.275
New Brunswick,2022-05-01,94609.35
New Brunswick,2022-06-01,99865.425
New Brunswick,2022-07-01,105121.5
New Brunswick,2022-08-01,105121.5
New Brunswick,2022-09-01,99865.425
New Brunswick,2022-10-01,89353.275
New Brunswick,2022-11-01,78841.125
New Brunswick,2022-12-01,68328.975
Quebec,2022-01-01,521764.425
Quebec,2022-02-01,521764.425
Quebec,2022-03-01,642171.6
Quebec,2022-04-01,682307.325
Quebec,2022-05-01,722443.05
Quebec,2022-06-01,762578.775
Quebec,2022-07-01,802714.5
Quebec,2022-08-01,802714.5
Quebec,2022-09-01,762578.775
Quebec,2022-10-01,682307.325
Quebec,2022-11-01,602035.875
Quebec,2022-12-01,521764.425
Ontario,2022-01-01,1011010.13
Ontario,2022-02-01,1011010.13
Ontario,2022-03-01,1244320.16
Ontario,2022-04-01,1322090.17
Ontario,2022-05-01,1399860.18
Ontario,2022-06-01,1477630.19
Ontario,2022-07-01,1555400.2
Ontario,2022-08-01,1555400.2
Ontario,2022-09-01,1477630.19
Ontario,2022-10-01,1322090.17
Ontario,2022-11-01,1166550.15
Ontario,2022-12-01,1011010.13
Manitoba,2022-01-01,95586.335
Manitoba,2022-02-01,95586.335
Manitoba,2022-03-01,117644.72
Manitoba,2022-04-01,124997.515
Manitoba,2022-05-01,132350.31
Manitoba,2022-06-01,139703.105
Manitoba,2022-07-01,147055.9
Manitoba,2022-08-01,147055.9
Manitoba,2022-09-01,139703.105
Manitoba,2022-10-01,124997.515
Manitoba,2022-11-01,110291.925
Manitoba,2022-12-01,95586.335
Saskatchewan,2022-01-01,107248.31
Saskatchewan,2022-02-01,107248.31
Saskatchewan,2022-03-01,131997.92
Saskatchewan,2022-04-01,140247.79
Saskatchewan,2022-05-01,148497.66
Saskatchewan,2022-06-01,156747.53
Saskatchewan,2022-07-01,164997.4
Saskatchewan,2022-08-01,164997.4
Saskatchewan,2022-09-01,156747.53
Saskatchewan,2022-10-01,140247.79
Saskatchewan,2022-11-01,123748.05
Saskatchewan,2022-12-01,107248.31
Alberta,2022-01-01,391612.13
Alberta,2022-02-01,391612.13
Alberta,2022-03-01,481984.16
Alberta,2022-04-01,512108.17
Alberta,2022-05-01,542232.18
Alberta,2022-06-01,572356.19
Alberta,2022-07-01,602480.2
Alberta,2022-08-01,602480.2
Alberta,2022-09-01,572356.19
Alberta,2022-10-01,512108.17
Alberta,2022-11-01,451860.15
Alberta,2022-12-01,391612.13
British Columbia,2022-01-01,306654.855
British Columbia,2022-02-01,306654.855
British Columbia,2022-03-01,377421.36
British Columbia,2022-04-01,401010.195
British Columbia,2022-05-01,424599.03
British Columbia,2022-06-01,448187.865
British Columbia,2022-07-01,471776.7
British Columbia,2022-08-01,471776.7
British Columbia,2022-09-01,448187.865
British Columbia,2022-10-01,401010.195
British Columbia,2022-11-01,353832.525
British Columbia,2022-12-01,306654.855
Yukon,2022-01-01,4430.855
Yukon,2022-02-01,4430.855
Yukon,2022-03-01,5453.36
Yukon,2022-04-01,5794.195
Yukon,2022-05-01,6135.03
Yukon,2022-06-01,6475.865
Yukon,2022-07-01,6816.7
Yukon,2022-08-01,6816.7
Yukon,2022-09-01,6475.865
Yukon,2022-10-01,5794.195
Yukon,2022-11-01,5112.525
Yukon,2022-12-01,4430.855
Northwest Territories,2022-01-01,2693.015
Northwest Territories,2022-02-01,2693.015
Northwest Territories,2022-03-01,3314.48
Northwest Territories,2022-04-01,3521.635
Northwest Territories,2022-05-01,3728.79
Northwest Territories,2022-06-01,3935.945
Northwest Territories,2022-07-01,4143.1
Northwest Territories,2022-08-01,4143.1
Northwest Territories,2022-09-01,3935.945
Northwest Territories,2022-10-01,3521.635
Northwest Territories,2022-11-01,3107.325
Northwest Territories,2022-12-01,2693.015
Nunavut,2022-01-01,1120.34
Nunavut,2022-02-01,1120.34
Nunavut,2022-03-01,1378.88
Nunavut,2022-04-01,1465.06
Nunavut,2022-05-01,1551.24
Nunavut,2022-06-01,1637.42
Nunavut,2022-07-01,1723.6
Nunavut,2022-08-01,1723.6
Nunavut,2022-09-01,1637.42
Nunavut,2022-10-01,1465.06
Nunavut,2022-11-01,1292.7
Nunavut,2022-12-01,1120.34
Newfoundland and Labrador,2023-01-01,44033.34
Newfoundland and Labrador,2023-02-01,44033.34
Newfoundland and Labrador,2023-03-01,54194.88
Newfoundland and Labrador,2023-04-01,57582.06
Newfoundland and Labrador,2023-05-01,60969.24
Newfoundland and Labrador,2023-06-01,64356.42
Newfoundland and Labrador,2023-07-01,67743.6
Newfoundland and Labrador,2023-08-01,67743.6
Newfoundland and Labrador,2023-09-01,64356.42
Newfoundland and Labrador,2023-10-01,57582.06
Newfoundland and Labrador,2023-11-01,50807.7
Newfoundland and Labrador,2023-12-01,44033.34
Prince Edward Island,2023-01-01,14083.745
Prince Edward Island,2023-02-01,14083.745
Prince Edward Island,2023-03-01,17333.84
Prince Edward Island,2023-04-01,18417.205
Prince Edward Island,2023-05-01,19500.57
Prince Edward Island,2023-06-01,20583.935
Prince Edward Island,2023-07-01,21667.3
Prince Edward Island,2023-08-01,21667.3
Prince Edward Island,2023-09-01,20583.935
Prince Edward Island,2023-10-01,18417.205
Prince Edward Island,2023-11-01,16250.475
Prince Edward Island,2023-12-01,14083.745
Nova Scotia,2023-01-01,90977.965
Nova Scotia,2023-02-01,90977.965
Nova Scotia,2023-03-01,111972.88
Nova Scotia,2023-04-01,118971.185
Nova Scotia,2023-05-01,125969.49
Nova Scotia,2023-06-01,132967.795
Nova Scotia,2023-07-01,139966.1
Nova Scotia,2023-08-01,139966.1
Nova Scotia,2023-09-01,132967.795
Nova Scotia,2023-10-01,118971.185
Nova Scotia,2023-11-01,104974.575
Nova Scotia,2023-12-01,90977.965
New Brunswick,2023-01-01,69252.625
New Brunswick,2023-02-01,69252.625
New Brunswick,2023-03-01,85234
New Brunswick,2023-04-01,90561.125
New Brunswick,2023-05-01,95888.25
New Brunswick,2023-06-01,101215.375
New Brunswick,2023-07-01,106542.5
New Brunswick,2023-08-01,106542.5
New Brunswick,2023-09-01,101215.375
New Brunswick,2023-10-01,90561.125
New Brunswick,2023-11-01,79906.875
New Brunswick,2023-12-01,69252.625
Quebec,2023-01-01,532219.22
Quebec,2023-02-01,532219.22
Quebec,2023-03-01,655039.04
Quebec,2023-04-01,695978.98
Quebec,2023-05-01,736918.92
Quebec,2023-06-01,777858.86
Quebec,2023-07-01,818798.8
Quebec,2023-08-01,818798.8
Quebec,2023-09-01,777858.86
Quebec,2023-10-01,695978.98
Quebec,2023-11-01,614099.1
Quebec,2023-12-01,532219.22
Ontario,2023-01-01,1031397.38
Ontario,2023-02-01,1031397.38
Ontario,2023-03-01,1269412.16
Ontario,2023-04-01,1348750.42
Ontario,2023-05-01,1428088.68
Ontario,2023-06-01,1507426.94
Ontario,2023-07-01,1586765.2
Ontario,2023-08-01,1586765.2
Ontario,2023-09-01,1507426.94
Ontario,2023-10-01,1348750.42
Ontario,2023-11-01,1190073.9
Ontario,2023-12-01,1031397.38
Manitoba,2023-01-01,97926.075
Manitoba,2023-02-01,97926.075
Manitoba,2023-03-01,120524.4
Manitoba,2023-04-01,128057.175
Manitoba,2023-05-01,135589.95
Manitoba,2023-06-01,143122.725
Manitoba,2023-07-01,150655.5
Manitoba,2023-08-01,150655.5
Manitoba,2023-09-01,143122.725
Manitoba,2023-10-01,128057.175
Manitoba,2023-11-01,112991.625
Manitoba,2023-12-01,97926.075
Saskatchewan,2023-01-01,108981.47
Saskatchewan,2023-02-01,108981.47
Saskatchewan,2023-03-01,134131.04
Saskatchewan,2023-04-01,142514.23
Saskatchewan,2023-05-01,150897.42
Saskatchewan,2023-06-01,159280.61
Saskatchewan,2023-07-01,167663.8
Saskatchewan,2023-08-01,167663.8
Saskatchewan,2023-09-01,159280.61
Saskatchewan,2023-10-01,142514.23
Saskatchewan,2023-11-01,125747.85
Saskatchewan,2023-12-01,108981.47
Alberta,2023-01-01,396475.56
Alberta,2023-02-01,396475.56
Alberta,2023-03-01,487969.92
Alberta,2023-04-01,518468.04
Alberta,2023-05-01,548966.16
Alberta,2023-06-01,579464.28
Alberta,2023-07-01,609962.4
Alberta,2023-08-01,609962.4
Alberta,2023-09-01,579464.28
Alberta,2023-10-01,518468.04
Alberta,2023-11-01,457471.8
Alberta,2023-12-01,396475.56
British Columbia,2023-01-01,303829.24
British Columbia,2023-02-01,303829.24
British Columbia,2023-03-01,373943.68
British Columbia,2023-04-01,397315.16
British Columbia,2023-05-01,420686.64
British Columbia,2023-06-01,444058.12
British Columbia,2023-07-01,467429.6
British Columbia,2023-08-01,467429.6
British Columbia,2023-09-01,444058.12
British Columbia,2023-10-01,397315.16
British Columbia,2023-11-01,350572.2
British Columbia,2023-12-01,303829.24
Yukon,2023-01-01,4414.02
Yukon,2023-02-01,4414.02
Yukon,2023-03-01,5432.64
Yukon,2023-04-01,5772.18
Yukon,2023-05-01,6111.72
Yukon,2023-06-01,6451.26
Yukon,2023-07-01,6790.8
Yukon,2023-08-01,6790.8
Yukon,2023-09-01,6451.26
Yukon,2023-10-01,5772.18
Yukon,2023-11-01,5093.1
Yukon,2023-12-01,4414.02
Northwest Territories,2023-01-01,2409.68
Northwest Territories,2023-02-01,2409.68
Northwest Territories,2023-03-01,2965.76
Northwest Territories,2023-04-01,3151.12
Northwest Territories,2023-05-01,3336.48
Northwest Territories,2023-06-01,3521.84
Northwest Territories,2023-07-01,3707.2
Northwest Territories,2023-08-01,3707.2
Northwest Territories,2023-09-01,3521.84
Northwest Territories,2023-10-01,3151.12
Northwest Territories,2023-11-01,2780.4
Northwest Territories,2023-12-01,2409.68
Nunavut,2023-01-01,1101.425
Nunavut,2023-02-01,1101.425
Nunavut,2023-03-01,1355.6
Nunavut,2023-04-01,1440.325
Nunavut,2023-05-01,1525.05
Nunavut,2023-06-01,1609.775
Nunavut,2023-07-01,1694.5
Nunavut,2023-08-01,1694.5
Nunavut,2023-09-01,1609.775
Nunavut,2023-10-01,1440.325
Nunavut,2023-11-01,1270.875
Nunavut,2023-12-01,1101.425
Newfoundland and Labrador,2024-01-01,39651.365
Newfoundland and Labrador,2024-02-01,39651.365
Newfoundland and Labrador,2024-03-01,48801.68
Newfoundland and Labrador,2024-04-01,51851.785
Newfoundland and Labrador,2024-05-01,54901.89
Newfoundland and Labrador,2024-06-01,57951.995
Newfoundland and Labrador,2024-07-01,61002.1
Newfoundland and Labrador,2024-08-01,61002.1
Newfoundland and Labrador,2024-09-01,57951.995
Newfoundland and Labrador,2024-10-01,51851.785
Newfoundland and Labrador,2024-11-01,45751.575
Newfoundland and Labrador,2024-12-01,39651.365
Prince Edward Island,2024-01-01,13437.19
Prince Edward Island,2024-02-01,13437.19
Prince Edward Island,2024-03-01,16538.08
Prince Edward Island,2024-04-01,17571.71
Prince Edward Island,2024-05-01,18605.34
Prince Edward Island,2024-06-01,19638.97
Prince Edward Island,2024-07-01,20672.6
Prince Edward Island,2024-08-01,20672.6
Prince Edward Island,2024-09-01,19638.97
Prince Edward Island,2024-10-01,17571.71
Prince Edward Island,2024-11-01,15504.45
Prince Edward Island,2024-12-01,13437.19
Nova Scotia,2024-01-01,86610.225
Nova Scotia,2024-02-01,86610.225
Nova Scotia,2024-03-01,106597.2
Nova Scotia,2024-04-01,113259.525
Nova Scotia,2024-05-01,119921.85
Nova Scotia,2024-06-01,126584.175
Nova Scotia,2024-07-01,133246.5
Nova Scotia,2024-08-01,133246.5
Nova Scotia,2024-09-01,126584.175
Nova Scotia,2024-10-01,113259.525
Nova Scotia,2024-11-01,99934.875
Nova Scotia,2024-12-01,86610.225
New Brunswick,2024-01-01,70640.18
New Brunswick,2024-02-01,70640.18
New Brunswick,2024-03-01,86941.76
New Brunswick,2024-04-01,92375.62
New Brunswick,2024-05-01,97809.48
New Brunswick,2024-06-01,103243.34
New Brunswick,2024-07-01,108677.2
New Brunswick,2024-08-01,108677.2
New Brunswick,2024-09-01,103243.34
New Brunswick,2024-10-01,92375.62
New Brunswick,2024-11-01,81507.9
New Brunswick,2024-12-01,70640.18
Quebec,2024-01-01,519034.555
Quebec,2024-02-01,519034.555
Quebec,2024-03-01,638811.76
Quebec,2024-04-01,678737.495
Quebec,2024-05-01,718663.23
Quebec,2024-06-01,758588.965
Quebec,2024-07-01,798514.7
Quebec,2024-08-01,798514.7
Quebec,2024-09-01,758588.965
Quebec,2024-10-01,678737.495
Quebec,2024-11-01,598886.025
Quebec,2024-12-01,519034.555
Ontario,2024-01-01,1066373.815
Ontario,2024-02-01,1066373.815
Ontario,2024-03-01,1312460.08
Ontario,2024-04-01,1394488.835
Ontario,2024-05-01,1476517.59
Ontario,2024-06-01,1558546.345
Ontario,2024-07-01,1640575.1
Ontario,2024-08-01,1640575.1
Ontario,2024-09-01,1558546.345
Ontario,2024-10-01,1394488.835
Ontario,2024-11-01,1230431.325
Ontario,2024-12-01,1066373.815
Manitoba,2024-01-01,108200.365
Manitoba,2024-02-01,108200.365
Manitoba,2024-03-01,133169.68
Manitoba,2024-04-01,141492.785
Manitoba,2024-05-01,149815.89
Manitoba,2024-06-01,158138.995
Manitoba,2024-07-01,166462.1
Manitoba,2024-08-01,166462.1
Manitoba,2024-09-01,158138.995
Manitoba,2024-10-01,141492.785
Manitoba,2024-11-01,124846.575
Manitoba,2024-12-01,108200.365
Saskatchewan,2024-01-01,103659.465
Saskatchewan,2024-02-01,103659.465
Saskatchewan,2024-03-01,127580.88
Saskatchewan,2024-04-01,135554.685
Saskatchewan,2024-05-01,143528.49
Saskatchewan,2024-06-01,151502.295
Saskatchewan,2024-07-01,159476.1
Saskatchewan,2024-08-01,159476.1
Saskatchewan,2024-09-01,151502.295
Saskatchewan,2024-10-01,135554.685
Saskatchewan,2024-11-01,119607.075
Saskatchewan,2024-12-01,103659.465
Alberta,2024-01-01,408958.03
Alberta,2024-02-01,408958.03
Alberta,2024-03-01,503332.96
Alberta,2024-04-01,534791.27
Alberta,2024-05-01,566249.58
Alberta,2024-06-01,597707.89
Alberta,2024-07-01,629166.2
Alberta,2024-08-01,629166.2
Alberta,2024-09-01,597707.89
Alberta,2024-10-01,534791.27
Alberta,2024-11-01,471874.65
Alberta,2024-12-01,408958.03
British Columbia,2024-01-01,298992.46
British Columbia,2024-02-01,298992.46
British Columbia,2024-03-01,367990.72
British Columbia,2024-04-01,390990.14
British Columbia,2024-05-01,413989.56
British Columbia,2024-06-01,436988.98
British Columbia,2024-07-01,459988.4
British Columbia,2024-08-01,459988.4
British Columbia,2024-09-01,436988.98
British Columbia,2024-10-01,390990.14
British Columbia,2024-11-01,344991.3
British Columbia,2024-12-01,298992.46
Yukon,2024-01-01,4487.34
Yukon,2024-02-01,4487.34
Yukon,2024-03-01,5522.88
Yukon,2024-04-01,5868.06
Yukon,2024-05-01,6213.24
Yukon,2024-06-01,6558.42
Yukon,2024-07-01,6903.6
Yukon,2024-08-01,6903.6
Yukon,2024-09-01,6558.42
Yukon,2024-10-01,5868.06
Yukon,2024-11-01,5177.7
Yukon,2024-12-01,4487.34
Northwest Territories,2024-01-01,2523.3
Northwest Territories,2024-02-01,2523.3
Northwest Territories,2024-03-01,3105.6
Northwest Territories,2024-04-01,3299.7
Northwest Territories,2024-05-01,3493.8
Northwest Territories,2024-06-01,3687.9
Northwest Territories,2024-07-01,3882
Northwest Territories,2024-08-01,3882
Northwest Territories,2024-09-01,3687.9
Northwest Territories,2024-10-01,3299.7
Northwest Territories,2024-11-01,2911.5
Northwest Territories,2024-12-01,2523.3
Nunavut,2024-01-01,1077.505
Nunavut,2024-02-01,1077.505
Nunavut,2024-03-01,1326.16
Nunavut,2024-04-01,1409.045
Nunavut,2024-05-01,1491.93
Nunavut,2024-06-01,1574.815
Nunavut,2024-07-01,1657.7
Nunavut,2024-08-01,1657.7
Nunavut,2024-09-01,1574.815
Nunavut,2024-10-01,1409.045
Nunavut,2024-11-01,1243.275
Nunavut,2024-12-01,1077.505
Newfoundland and Labrador,2025-01-01,40444.365
Newfoundland and Labrador,2025-02-01,40444.365
Newfoundland and Labrador,2025-03-01,49777.68
Newfoundland and Labrador,2025-04-01,52888.785
Newfoundland and Labrador,2025-05-01,55999.89
Newfoundland and Labrador,2025-06-01,59110.995
Newfoundland and Labrador,2025-07-01,62222.1
Newfoundland and Labrador,2025-08-01,62222.1
Newfoundland and Labrador,2025-09-01,59110.995
Prince Edward Island,2025-01-01,13705.965
Prince Edward Island,2025-02-01,13705.965
Prince Edward Island,2025-03-01,16868.88
Prince Edward Island,2025-04-01,17923.185
Prince Edward Island,2025-05-01,18977.49
Prince Edward Island,2025-06-01,20031.795
Prince Edward Island,2025-07-01,21086.1
Prince Edward Island,2025-08-01,21086.1
Prince Edward Island,2025-09-01,20031.795
Nova Scotia,2025-01-01,88342.475
Nova Scotia,2025-02-01,88342.475
Nova Scotia,2025-03-01,108729.2
Nova Scotia,2025-04-01,115524.775
Nova Scotia,2025-05-01,122320.35
Nova Scotia,2025-06-01,129115.925
Nova Scotia,2025-07-01,135911.5
Nova Scotia,2025-08-01,135911.5
Nova Scotia,2025-09-01,129115.925
New Brunswick,2025-01-01,72052.955
New Brunswick,2025-02-01,72052.955
New Brunswick,2025-03-01,88680.56
New Brunswick,2025-04-01,94223.095
New Brunswick,2025-05-01,99765.63
New Brunswick,2025-06-01,105308.165
New Brunswick,2025-07-01,110850.7
New Brunswick,2025-08-01,110850.7
New Brunswick,2025-09-01,105308.165
Quebec,2025-01-01,529415.25
Quebec,2025-02-01,529415.25
Quebec,2025-03-01,651588
Quebec,2025-04-01,692312.25
Quebec,2025-05-01,733036.5
Quebec,2025-06-01,773760.75
Quebec,2025-07-01,814485
Quebec,2025-08-01,814485
Quebec,2025-09-01,773760.75
Ontario,2025-01-01,1087701.29
Ontario,2025-02-01,1087701.29
Ontario,2025-03-01,1338709.28
Ontario,2025-04-01,1422378.61
Ontario,2025-05-01,1506047.94
Ontario,2025-06-01,1589717.27
Ontario,2025-07-01,1673386.6
Ontario,2025-08-01,1673386.6
Ontario,2025-09-01,1589717.27
Manitoba,2025-01-01,110364.345
Manitoba,2025-02-01,110364.345
Manitoba,2025-03-01,135833.04
Manitoba,2025-04-01,144322.605
Manitoba,2025-05-01,152812.17
Manitoba,2025-06-01,161301.735
Manitoba,2025-07-01,169791.3
Manitoba,2025-08-01,169791.3
Manitoba,2025-09-01,161301.735
Saskatchewan,2025-01-01,105732.64
Saskatchewan,2025-02-01,105732.64
Saskatchewan,2025-03-01,130132.48
Saskatchewan,2025-04-01,138265.76
Saskatchewan,2025-05-01,146399.04
Saskatchewan,2025-06-01,154532.32
Saskatchewan,2025-07-01,162665.6
Saskatchewan,2025-08-01,162665.6
Saskatchewan,2025-09-01,154532.32
Alberta,2025-01-01,417137.175
Alberta,2025-02-01,417137.175
Alberta,2025-03-01,513399.6
Alberta,2025-04-01,545487.075
Alberta,2025-05-01,577574.55
Alberta,2025-06-01,609662.025
Alberta,2025-07-01,641749.5
Alberta,2025-08-01,641749.5
Alberta,2025-09-01,609662.025
British Columbia,2025-01-01,304972.33
British Columbia,2025-02-01,304972.33
British Columbia,2025-03-01,375350.56
British Columbia,2025-04-01,398809.97
British Columbia,2025-05-01,422269.38
British Columbia,2025-06-01,445728.79
British Columbia,2025-07-01,469188.2
British Columbia,2025-08-01,469188.2
British Columbia,2025-09-01,445728.79
Yukon,2025-01-01,4577.105
Yukon,2025-02-01,4577.105
Yukon,2025-03-01,5633.36
Yukon,2025-04-01,5985.445
Yukon,2025-05-01,6337.53
Yukon,2025-06-01,6689.615
Yukon,2025-07-01,7041.7
Yukon,2025-08-01,7041.7
Yukon,2025-09-01,6689.615
Northwest Territories,2025-01-01,2573.74
Northwest Territories,2025-02-01,2573.74
Northwest Territories,2025-03-01,3167.68
Northwest Territories,2025-04-01,3365.66
Northwest Territories,2025-05-01,3563.64
Northwest Territories,2025-06-01,3761.62
Northwest Territories,2025-07-01,3959.6
Northwest Territories,2025-08-01,3959.6
Northwest Territories,2025-09-01,3761.62
Nunavut,2025-01-01,1099.02
Nunavut,2025-02-01,1099.02
Nunavut,2025-03-01,1352.64
Nunavut,2025-04-01,1437.18
Nunavut,2025-05-01,1521.72
Nunavut,2025-06-01,1606.26
Nunavut,2025-07-01,1690.8
Nunavut,2025-08-01,1690.8
Nunavut,2025-09-01,1606.26